factor,loading_baseline,loading_heatwave,loading_icestorm,source_slug
pct_pre1980,0.4844050864341877,0.48440508643418767,0.4844050864341879,statcan-census-2021-ct-demographics
pct_renters,0.46258199580482995,0.4625819958048303,0.462581995804829,statcan-census-2021-ct-demographics
cimd_economic_dependency,0.40129669969949455,0.40129669969949483,0.401296699699494,statcan-cimd-2021
cimd_situational_vulnerability,0.37678464902808256,0.37678464902808223,0.3767846490280823,statcan-cimd-2021
median_income,0.3506635317630327,0.350663531763033,0.35066353176303244,statcan-census-2021-ct-demographics
cimd_ethnocultural_composition,-0.3307764207761434,-0.33077642077614344,-0.33077642077614394,statcan-cimd-2021
cimd_residential_instability,0.1264355306509463,0.12643553065094618,0.12643553065094643,statcan-cimd-2021
